Vslope,Vint,aV,Vs1,Vs2,Vint2,aV2,Kslope,Kint,aK,vMOD,kMOD,KO,CUE,tau_r,tau_K,Tau_MOD,fPHYS_r,fPHYS_K,fCHEM_r,fCHEM_K,fSOM_p,PHYS_scalar,FI,fmet_p,Depth
0.063,5.47,7.50E-08,5.16E-02,-1.24E-03,3.99E+00,3.75E-07,0.02,3.19,0.15625,10,8,6,0.5,5.20E-04,2.40E-04,100,0.15,0.1,0.1,0.3,1.50E-05,3,0.05,1,10
0.063,5.47,7.50E-08,5.16E-02,-1.24E-03,3.99E+00,3.75E-07,0.02,3.19,0.15625,2,2,6,0.25,0.3,0.1,0.6,1.3,0.8,-3,-3,-3,-2,0.05,0.85,
0.063,5.47,7.50E-08,5.16E-02,-1.24E-03,3.99E+00,3.75E-07,0.02,3.19,0.15625,10,4,,0.7,,,1.3,,,1,1,,,,0.013,
0.063,5.47,7.50E-08,5.16E-02,-1.24E-03,3.99E+00,3.75E-07,0.02,3.19,0.15625,3,2,,0.35,,,3.5,,,,,,,,,
0.063,5.47,7.50E-08,5.16E-02,-1.24E-03,3.99E+00,3.75E-07,0.02,3.19,0.15625,3,4,,,,,,,,,,,,,,
0.063,5.47,7.50E-08,5.16E-02,-1.24E-03,3.99E+00,3.75E-07,0.02,3.19,0.15625,2,6,,,,,,,,,,,,,,